service start time in sec,service end time in sec
44,54
63,79
88,99
106,123
139,148
153,175
186,207
232,242
249,265
275,290
296,323
342,356
366,372
381,409
425,439
453,469
478,490
497,507
512,527
605,636
643,649
652,663
674,686
691,710
718,735
746,761
780,789
799,810
819,841
855,870
951,977
990,994
998,1017
1028,1034
1039,1057
1066,1075
1085,1104
1118,1121
1128,1140
1148,1153
1158,1170
1181,1197
1209,1218
1228,1231
1237,1263
1280,1291
1300,1310
1322,1335
1347,1350
1363,1375
1456,1465
1473,1489
1497,1523
1536,1559
1573,1576
1583,1594
1601,1620
1730,1745
1752,1754
1762,1788
1801,1803
1809,1816
1827,1833
1867,1875
1884,1885
1892,1923
1945,1949
1954,1987
1999,2001
2005,2009
2041,2049
2058,2061
2062,2066
2075,2101
2104,2112
2125,2127
2131,2160
2178,2180
2185,2188
2194,2221
2226,2232
2240,2245
2253,2280
2286,2292
2371,2401
2406,2417
2422,2460
2467,2478
2493,2525
2533,2536
2541,2553
2593,2596
2603,2605
2612,2643
2655,2658
2662,2701
2805,2815
2823,2838
2856,2874
2888,2900
2912,2922
2931,2947
2995,3005
3014,3026
3033,3043
3051,3061
3071,3090
3103,3117
3129,3138
3148,3161
3173,3182
3197,3220
3238,3262
3340,3348
3355,3370
3377,3391
3421,3481
